Location0,Location1
London England UK,16004
Leicester Leicestershire England UK,104
Los Angeles California USA,29477
New York City New York USA,22893
Nashville Tennessee USA,1209
England UK,63568
Poughkeepsie New York USA,102
Chicago Illinois USA,4857
Toronto Ontario Canada,7311
Burbank California USA,1515
El Segundo California USA,111
London Ontario Canada,117
New York USA,2888
Brooklyn New York USA,636
Germany,6522
Knoxville Tennessee USA,225
Atlanta Georgia USA,2881
Memphis Tennessee USA,469
Hollywood California USA,688
Charlotte North Carolina USA,655
Buenos Aires Federal District Argentina,52684
Canada,1293
California USA,2246
Burnaby British Columbia Canada,215
Coquitlam British Columbia Canada,101
Vancouver British Columbia Canada,5788
North Vancouver British Columbia Canada,229
Richmond British Columbia Canada,122
Calgary Alberta Canada,711
Alberta Canada,236
Budapest Hungary,1868
British Columbia Canada,602
Winnipeg Manitoba Canada,673
Warner Brothers Burbank Studios - 4000 Warner Boulevard Burbank California USA,5773
Hollywood Center Studios - 1040 N. Las Palmas Avenue Hollywood Los Angeles California USA,1055
San Diego California USA,1713
Tennessee USA,739
Seattle Washington USA,1508
Paramount Studios - 5555 Melrose Avenue Hollywood Los Angeles California USA,8132
Santa Monica California USA,1118
BBC Elstree Centre/ATV Studios Borehamwood Hertfordshire England UK,367
BBC Television Centre Wood Lane Shepherd's Bush London England UK,806
Sydney New South Wales Australia,2358
Philippines,1238
Hamilton Ontario Canada,545
Sony Pictures Studios - 10202 W. Washington Blvd. Culver City California USA,1115
Austin Texas USA,2371
Cape Town South Africa,268
Johannesburg South Africa,432
Sant Joan Desp Barcelona Catalonia Spain,146
Mexico,8901
Sweden,499
Las Vegas Nevada USA,2467
Death Valley National Park California USA,132
So Paulo So Paulo Brazil,701
Hannover Lower Saxony Germany,165
Warsaw Mazowieckie Poland,1125
West Hollywood California USA,368
Istanbul Turkey,2126
New Zealand,875
Culver Studios - 9336 W. Washington Blvd. Culver City California USA,645
Rio de Janeiro Rio de Janeiro Brazil,868
Paris France,6065
Monte Carlo Monaco,123
Guadalajara Jalisco Mexico,309
South Africa,1131
Cape Town Western Cape South Africa,410
Ljubljana Slovenia,193
Sarajevo Bosnia-Herzegovina,282
Zagreb Croatia,348
Berlin Germany,4241
Moscow Russia,1115
Riga Latvia,120
Tallinn Estonia,245
Vilnius Vilnius County Lithuania,117
Jordan,197
Shepperton Studios Shepperton Surrey England UK,608
Hackney London England UK,124
Norwich Norfolk England UK,177
Washington USA,188
Minneapolis Minnesota USA,849
Dorset England UK,114
Madrid Spain,3368
Kuala Lumpur Malaysia,219
Bulgaria,363
Montral Qubec Canada,3143
USA,25241
Rome Lazio Italy,2655
Bronx New York City New York USA,261
Manhattan New York City New York USA,1890
Baltimore Maryland USA,851
Washington District of Columbia USA,1904
Hollywood Los Angeles California USA,2846
Santa Cruz California USA,228
Tokyo Japan,1623
Miami Florida USA,2115
Stockholm Stockholms ln Sweden,825
Berkeley California USA,280
Florida USA,996
Tulsa Oklahoma USA,194
Mexico City Distrito Federal Mexico,2342
Hollywood Hills Los Angeles California USA,133
Santa Clarita California USA,2164
Studio City Los Angeles California USA,322
Lisbon Portugal,1423
Glasgow Scotland UK,212
Wellington New Zealand,220
Jerusalem Israel,460
CBS Broadcast Center Manhattan New York City New York USA,690
Yorkshire England UK,125
Athens Greece,857
UK,1570
Dallas Texas USA,1777
Auckland New Zealand,565
Dsseldorf North Rhine-Westphalia Germany,200
North Rhine-Westphalia Germany,167
Cologne North Rhine-Westphalia Germany,906
Osaka Japan,128
Detroit Michigan USA,953
Prague Czech Republic,1381
20th Century Fox Studios - 10201 Pico Blvd. Century City Los Angeles California USA,3839
Brooklyn New York City New York USA,1889
Staten Island New York City New York USA,265
San Rafael California USA,122
Ireland,799
Manchester England UK,166
Louisiana USA,380
Rochester New York USA,260
Barcelona Catalonia Spain,1931
Victoria British Columbia Canada,283
Peru,281
Havana Cuba,452
Hamburg Germany,1318
Romania,2568
Bucharest Romania,1320
Santiago Chile,416
Seville Seville Andaluca Spain,111
Argentina,1503
Brazil,536
Chile,250
Colombia,240
Ecuador,105
Greenland,108
Italy,1332
Russia,719
Spain,1049
Czech Republic,450
Dublin County Dublin Ireland,664
India,1672
France,2074
Belgium,549
Rotterdam Zuid-Holland Netherlands,302
Amsterdam Netherlands,125
Ldz Ldzkie Poland,313
Auschwitz-Birkenau Concentration Camp Oswiecim Malopolskie Poland,105
Potsdam Brandenburg Germany,167
Birmingham West Midlands England UK,293
Halle Saxony-Anhalt Germany,107
Poland,950
Munich Bavaria Germany,1479
Vienna Austria,1233
Gdansk Pomorskie Poland,130
Copenhagen Denmark,639
Pittsburgh Pennsylvania USA,1405
Canberra Australian Capital Territory Australia,128
Hong Kong China,1447
Puerto Rico,375
San Francisco California USA,3946
Stage 18 Warner Brothers Burbank Studios - 4000 Warner Boulevard Burbank California USA,419
Brussels Brussels-Capital Belgium,497
Turin Piedmont Italy,259
Montreal Qubec Canada,126
Edinburgh Scotland UK,468
Jamaica,186
Birmingham Alabama USA,289
Leipzig Saxony Germany,416
Australia,19898
St. Petersburg Russia,480
Miami Beach Florida USA,358
Philadelphia Pennsylvania USA,2056
New Orleans Louisiana USA,1740
Bangkok Thailand,528
Phoenix Arizona USA,1078
Beijing China,617
Antwerp Flanders Belgium,256
Guatemala,138
Malibu California USA,988
Japan,1082
Boston Massachusetts USA,2011
St. Louis Missouri USA,630
Denver Colorado USA,881
Melbourne Australia,9220
Atlantic City New Jersey USA,250
Ottawa Ontario Canada,617
Venice Veneto Italy,615
Ithaca New York USA,218
Tbilisi Georgia,135
Bogot Colombia,427
Brighton East Sussex England UK,339
Bristol England UK,375
Pinewood Studios Iver Heath Buckinghamshire England UK,1093
Lexington Kentucky USA,166
Afghanistan,206
Indonesia,270
Halifax Nova Scotia Canada,361
Ontario Canada,623
Columbia/Sunset Gower Studios - 1438 N. Gower Street Hollywood Los Angeles California USA,893
Metromedia Square - 5746 W. Sunset Blvd. Hollywood Los Angeles California USA,1385
Universal Studios - 100 Universal City Plaza Universal City California USA,5934
Chatsworth Los Angeles California USA,163
Union Station - 800 N. Alameda Street Downtown Los Angeles California USA,112
Griffith Observatory 2800 E Observatory Rd Los Angeles California USA,120
Orange County California USA,172
Newport Beach California USA,124
Santa Ana California USA,149
Thailand,658
Haiti,153
Slovenia,115
Houston Texas USA,1412
Old Tucson - 201 S. Kinney Road Tucson Arizona USA,350
Sonoran Desert Arizona USA,183
Sedona Arizona USA,196
Arizona USA,530
Tucson Arizona USA,704
Alabama Hills Lone Pine California USA,359
Mumbai Maharashtra India,1031
Roma Lazio Italy,369
Chattanooga Tennessee USA,106
Massachusetts USA,228
New Jersey USA,1103
Essen North Rhine-Westphalia Germany,102
Mallorca Balearic Islands Spain,214
Kaufman Astoria Studios - 3412 36th Street Astoria Queens New York City New York USA,782
Utah USA,473
Costa Rica,177
Tijuana Baja California Norte Mexico,216
Columbus Ohio USA,396
Michigan USA,344
Silvercup Studios - 4222 22nd Street Long Island City Queens New York City New York USA,370
Studio 8H NBC Studios - 30 Rockefeller Plaza Manhattan New York City New York USA,2982
Silvercup Studios East Long Island City Queens New York City New York USA,364
Augusta Georgia USA,332
Beverly Hills California USA,599
Milwaukee Wisconsin USA,379
Paris le-de-France France,187
Kansas City Missouri USA,393
O'ahu Hawaii USA,478
Serbia,204
Tempe Arizona USA,164
West Palm Beach Florida USA,150
Mlaga Mlaga Andaluca Spain,152
Jersey City New Jersey USA,334
Manchester Greater Manchester England UK,553
Cardiff South Glamorgan Wales UK,245
Melbourne Victoria Australia,1620
Cuba,332
Venezuela,147
Morocco,651
Caracas Venezuela,713
Wales UK,265
Belfast County Antrim Northern Ireland UK,284
Salzburg Salzburg Austria,139
Portugal,534
CBS Studio Center - 4024 Radford Avenue Studio City Los Angeles California USA,6482
Amsterdam Noord-Holland Netherlands,1018
Bronx New York USA,105
San Juan Puerto Rico,205
St. Paul Minnesota USA,269
Nice Alpes-Maritimes France,333
Marrakech Morocco,154
Culver City California USA,390
Lithuania,159
Kiel Schleswig-Holstein Germany,113
Zrich Kanton Zrich Switzerland,213
Hawaii USA,938
San Antonio Texas USA,667
North Hollywood California USA,140
Genoa Liguria Italy,121
Porto Portugal,309
Cambodia,229
Dublin Ireland,368
Singapore,525
Porto Alegre Rio Grande do Sul Brazil,229
Sherman Oaks Los Angeles California USA,229
Barcelona Spain,123
Trenton New Jersey USA,135
Washington DC USA,192
Cleveland Ohio USA,714
Marbella Mlaga Andaluca Spain,116
Malta,272
Leeds West Yorkshire England UK,233
Nottingham Nottinghamshire England UK,201
Southampton Hampshire England UK,150
Pakistan,152
Cairo Egypt,404
Beirut Lebanon,172
Akron Ohio USA,104
Norfolk Virginia USA,110
Virginia Beach Virginia USA,136
Silver Lake Los Angeles California USA,102
Naples Campania Italy,430
Reykjavk Iceland,230
Norway,417
Stage 14 Warner Brothers Burbank Studios - 4000 Warner Boulevard Burbank California USA,886
Stage 17 Warner Brothers Burbank Studios - 4000 Warner Boulevard Burbank California USA,953
Stage 21 Warner Brothers Burbank Studios - 4000 Warner Boulevard Burbank California USA,342
3401 Exposition Blvd. Santa Monica California USA,244
Walt Disney Studios 500 South Buena Vista Street Burbank California USA,1115
Revue Studios Hollywood Los Angeles California USA,1957
Switzerland,626
Austria,450
Stage 14 20th Century Fox Studios - 10201 Pico Blvd. Century City Los Angeles California USA,255
Texas USA,882
South Korea,398
Raleigh Manhattan Beach Studios - 1600 Rosecrans Avenue Manhattan Beach California USA,561
Torrance California USA,116
Walt Disney's Golden Oak Ranch - 19802 Placerita Canyon Road Newhall California USA,102
Pasadena California USA,860
Redondo Beach California USA,198
Long Beach California USA,1217
Huntington Beach California USA,169
Manhattan Beach California USA,127
Glendale California USA,593
Santo Domingo Dominican Republic,309
Lawrence Kansas USA,203
Ohio USA,195
Dhaka Bangladesh,271
Hong Kong,238
Liverpool Merseyside England UK,330
Cincinnati Ohio USA,389
Orlando Florida USA,1202
Scotland UK,1941
Oaxaca Mexico,161
North Carolina USA,453
Casablanca Morocco,150
Perth Western Australia Australia,333
Sri Lanka,175
San Fernando Valley Los Angeles California USA,254
Cornwall England UK,249
Northern Ireland UK,127
So Paulo Brazil,239
Nigeria,108
Regina Saskatchewan Canada,121
Israel,1136
Stockton California USA,105
Turkey,512
Western Australia Australia,125
Malaysia,264
Vietnam,226
Niagara Falls Ontario Canada,183
Rome Italy,308
Florence Tuscany Italy,270
Victorville California USA,118
Macau China,150
Calcutta West Bengal India,127
Chennai Tamil Nadu India,250
Delhi India,223
Oxford Oxfordshire England UK,217
Qubec Qubec Canada,122
Bray Studios Down Place Oakley Green Berkshire England UK,118
South Pasadena California USA,117
Glasgow Strathclyde Scotland UK,334
Mozambique,108
Adelaide South Australia Australia,562
Iceland,455
Lancaster California USA,245
Metro-Goldwyn-Mayer Studios - 10202 W. Washington Blvd. Culver City California USA,4497
The Lot - 1041 N. Formosa Avenue West Hollywood California USA,448
Westminster London England UK,110
Slovakia,127
Oklahoma USA,161
Sicily Italy,180
Edmonton Alberta Canada,398
Vermont USA,130
Richmond Virginia USA,283
Colorado Springs Colorado USA,174
Bali Indonesia,167
Charleston South Carolina USA,403
Kenya,413
Queensland Australia,312
South Australia Australia,488
Victoria Australia,197
Bradford West Yorkshire England UK,137
New South Wales Australia,263
Netherlands,511
Galveston Texas USA,104
Tuscany Italy,142
Egypt,411
Hungary,771
Televisa San Angel Mexico City Distrito Federal Mexico,126
Mexico City Mexico,182
China,769
Hotel Presidente Luanda Luanda Angola Africa,203
Parque Nacional da Quiama Angola Africa,203
Quedas de gua de Kalandula Angola Africa,191
Taipei City Taiwan,173
Tunisia,186
Central Park Manhattan New York City New York USA,375
Yonkers New York USA,155
Long Island New York USA,646
Lahore Pakistan,103
Virginia USA,256
Cyprus,110
Brisbane Queensland Australia,512
Wembley Studios Wembley London England UK,254
Southern California California USA,160
Indianapolis Indiana USA,332
Riverside California USA,248
Reno Nevada USA,205
Jakarta Indonesia,191
Metro Manila Philippines,452
Santa Barbara California USA,415
Kentucky USA,199
Portland Oregon USA,1268
Gainesville Florida USA,116
Sacramento California USA,605
Corpus Christi Texas USA,104
Ventura California USA,207
Scottsdale Arizona USA,199
Helsinki Finland,1308
Lissewege Flanders Belgium,249
St. John's Newfoundland Newfoundland and Labrador Canada,123
Luxembourg,240
Bergen Hordaland Norway,128
Stuttgart Baden-Wrttemberg Germany,302
Cannes Alpes-Maritimes France,193
ABC Television Center - 4151 Prospect Avenue Los Angeles California USA,988
Des Moines Iowa USA,200
Portsmouth Hampshire England UK,151
Chiapas Mexico,109
Sofia Bulgaria,360
Cabo San Lucas Baja California Sur Mexico,105
Whittier California USA,122
Lebanon,177
Oakville Ontario Canada,135
Acapulco Guerrero Mexico,267
Yellowstone National Park Wyoming USA,106
Stage 1 NBC Studios - 3000 W. Alameda Avenue Burbank California USA,330
Dubai United Arab Emirates,314
Mississauga Ontario Canada,180
Desilu Studios - 9336 W. Washington Blvd. Culver City California USA,4017
Windsor Ontario Canada,139
Minnesota USA,264
Van Nuys Los Angeles California USA,338
Tampere Finland,233
Simi Valley California USA,183
Taiwan,288
Laguna Beach California USA,118
Marseille Bouches-du-Rhne France,305
Pepper Jay Productions Hollywood Los Angeles California USA,506
Downtown Los Angeles California USA,563
Valencia Comunidad Valenciana Spain,339
Monterrey Nuevo Len Mexico,285
Blackpool Lancashire England UK,120
Paramount Ranch - 2813 Cornell Road Agoura California USA,450
Colonial Street Backlot Universal Studios - 100 Universal City Plaza Universal City California USA,141
Griffith Park - 4730 Crystal Springs Drive Los Angeles California USA,239
Toluca Lake Los Angeles California USA,101
Venice Los Angeles California USA,382
Marina del Rey California USA,283
Los Angeles International Airport - 1 World Way Los Angeles California USA,201
North Hollywood Los Angeles California USA,582
City Hall - 200 N. Spring Street Downtown Los Angeles California USA,208
Hollywood Boulevard Hollywood Los Angeles California USA,136
Los Feliz Los Angeles California USA,127
Venice Beach Venice Los Angeles California USA,233
Big Bear Lake Big Bear Valley San Bernardino National Forest California USA,335
Bay Area San Francisco California USA,153
Devon England UK,131
Kent England UK,193
Norfolk England UK,102
Izmir Turkey,102
Montevideo Uruguay,145
Fort Worth Texas USA,328
Kaua'i Hawaii USA,108
Riverside Studios Hammersmith London England UK,513
Fiji,112
Hyderabad Telangana India,361
Stage 3 20th Century Fox Studios - 10201 Pico Blvd. Century City Los Angeles California USA,623
Stage 9 20th Century Fox Studios - 10201 Pico Blvd. Century City Los Angeles California USA,1411
Palm Springs California USA,360
Big Bear Valley San Bernardino National Forest California USA,103
California Studios - 5530 Melrose Avenue Hollywood Los Angeles California USA,133
Corriganville Ray Corrigan Ranch Simi Valley California USA,382
Hal Roach Studios - 8822 Washington Blvd. Culver City California USA,2327
Iverson Ranch - 1 Iverson Lane Chatsworth Los Angeles California USA,1021
Palmdale California USA,276
Columbia/Warner Bros. Ranch - 411 North Hollywood Way Burbank California USA,129
Lone Pine California USA,140
Melody Ranch - 24715 Oak Creek Avenue Newhall California USA,126
Walker Ranch - 19152 Placerita Canyon Road Newhall California USA,184
Rio de Janeiro Brazil,306
Ghana,165
Tanzania,170
Uganda,220
Zimbabwe,135
Lagos Nigeria,153
Namibia,165
Seoul South Korea,441
Mississippi USA,140
CBS Television City - 7800 Beverly Blvd. Fairfax Los Angeles California USA,1751
Langley British Columbia Canada,130
Tel Aviv Israel,500
Tehran Iran,897
Surrey England UK,160
Twickenham Film Studios St Margarets Twickenham Middlesex England UK,249
Greece,389
Savannah Georgia USA,484
Greystone Park & Mansion - 905 Loma Vista Drive Beverly Hills California USA,121
Los Angeles County Arboretum & Botanic Garden - 301 N. Baldwin Avenue Arcadia California USA,125
Palermo Sicily Italy,114
Shanghai China,534
Tampa Florida USA,543
Bournemouth Dorset England UK,199
Fort Lauderdale Florida USA,275
Pennsylvania USA,392
Backlot Universal Studios - 100 Universal City Plaza Universal City California USA,138
Red Rock Canyon State Park - Highway 14 Cantil California USA,153
Vasquez Rocks Natural Area Park - 10700 W. Escondido Canyon Rd. Agua Dulce California USA,351
Espoo Finland,102
Turku Finland,199
Grand Canyon National Park Arizona USA,117
Africa,112
Syria,103
Bangladesh,131
Finland,282
Times Square Manhattan New York City New York USA,180
Alaska USA,373
Brandenburg Germany,134
Brussels Belgium,208
Montana USA,181
Wyoming USA,112
New Hampshire USA,133
Rhode Island USA,138
Oslo Norway,576
Republic Studios - 4024 Radford Avenue North Hollywood Los Angeles California USA,1900
Lyon Rhne Rhne-Alpes France,148
Stage 36 Universal Studios - 100 Universal City Plaza Universal City California USA,428
Los Angeles Center Studios - 450 S. Bixel Street Downtown Los Angeles California USA,300
San Pedro Los Angeles California USA,311
Stage 4 Walt Disney Studios 500 South Buena Vista Street Burbank California USA,105
Santa Monica Pier Santa Monica California USA,158
Ambassador Hotel - 3400 Wilshire Boulevard Los Angeles California USA,114
Bronson Canyon Griffith Park - 4730 Crystal Springs Drive Los Angeles California USA,203
Stage 7 Warner Brothers Burbank Studios - 4000 Warner Boulevard Burbank California USA,1320
Studio 41 CBS Television City - 7800 Beverly Blvd. Fairfax Los Angeles California USA,262
Stage 3 Warner Brothers Burbank Studios - 4000 Warner Boulevard Burbank California USA,594
Tasmania Australia,114
Stage 9 Warner Brothers Burbank Studios - 4000 Warner Boulevard Burbank California USA,788
Cambridge Cambridgeshire England UK,155
Essex England UK,133
Sheffield South Yorkshire England UK,180
Isle of Man,135
Connecticut USA,316
Studio 31 CBS Television City - 7800 Beverly Blvd. Fairfax Los Angeles California USA,444
KTTV/Fox Television Center - 5746 W. Sunset Blvd. Hollywood Los Angeles California USA,402
Bavaria Studios Bavariafilmplatz 7 Geiselgasteig Grnwald Bavaria Germany,532
Karachi Pakistan,177
Frankfurt am Main Hessen Germany,291
Dominican Republic,321
Ren-Mar Studios - 846 N. Cahuenga Blvd. Hollywood Los Angeles California USA,483
Donostia-San Sebastin Guipzcoa Pas Vasco Spain,123
Albuquerque New Mexico USA,895
Maui Hawaii USA,129
Los Angeles County California USA,232
Durango Mexico,164
Louisville Kentucky USA,351
Denmark,411
New Mexico USA,516
CBS Studio 52 New York City New York USA,635
Qubec Canada,217
Catalunya Spain,168
Stage 31 Universal Studios - 100 Universal City Plaza Universal City California USA,165
NBC Studios - 3000 W. Alameda Avenue Burbank California USA,2339
Raleigh North Carolina USA,264
Kansas USA,105
Bahamas,119
South Carolina USA,147
Golden Gate Bridge San Francisco California USA,107
Nevada USA,175
Santa Fe New Mexico USA,384
Oakland California USA,577
Winston-Salem North Carolina USA,221
Arlington Virginia USA,142
Salt Lake City Utah USA,884
Oklahoma City Oklahoma USA,241
Jacksonville Florida USA,584
Little Rock Arkansas USA,138
Georgia USA,336
Milan Lombardia Italy,575
Fort Lee New Jersey USA,204
Alexandria Virginia USA,103
Oregon USA,259
Wisconsin USA,165
Cambridge Massachusetts USA,177
Providence Rhode Island USA,277
Illinois USA,177
Williamsburg Brooklyn New York City New York USA,163
Colorado USA,376
NBC Studios - 30 Rockefeller Plaza Manhattan New York City New York USA,2517
Arkansas USA,101
Wilmington North Carolina USA,979
Greenwich Village Manhattan New York City New York USA,118
Maine USA,181
Honolulu O'ahu Hawaii USA,268
Indiana USA,136
Harrisburg Pennsylvania USA,103
Asheville North Carolina USA,165
Omaha Nebraska USA,192
Niagara Falls New York USA,140
Astoria Queens New York City New York USA,166
Queens New York City New York USA,438
Evanston Illinois USA,108
Echo Park Los Angeles California USA,134
Marietta Georgia USA,114
Iraq,177
Bolivia,141
Mojave Desert California USA,242
Santa Catalina Island Channel Islands California USA,173
Gold Coast Queensland Australia,325
Lima Peru,199
Sarasota Florida USA,163
New Delhi Delhi India,186
El Paso Texas USA,179
Maryland USA,228
Kyoto Japan,183
Kolkata West Bengal India,296
Bahrain,105
New Haven Connecticut USA,144
Brampton Ontario Canada,116
Ukraine,264
Gothenburg Vstra Gtalands ln Sweden,203
Belgrade Serbia,632
Stage 29 Universal Studios - 100 Universal City Plaza Universal City California USA,411
Stage 17 Paramount Studios - 5555 Melrose Avenue Hollywood Los Angeles California USA,472
Stage 6 Paramount Studios - 5555 Melrose Avenue Hollywood Los Angeles California USA,112
Stage 7 Paramount Studios - 5555 Melrose Avenue Hollywood Los Angeles California USA,175
Thousand Oaks California USA,125
MediaPro Studios Bucharest Romania,263
Columbus Zoo and Aquarium - 4850 W Powell Road Powell Ohio USA,119
Brooklyn Bridge New York City New York USA,102
Coney Island Brooklyn New York City New York USA,264
Nairobi Kenya,181
San Jose California USA,347
Paraguay,123
Wroclaw Dolnoslaskie Poland,198
Soho London England UK,145
Newhall California USA,120
JC Studios Brooklyn New York City New York USA,127
Bologna Emilia-Romagna Italy,196
Honolulu Hawaii USA,103
Transylvania Romania,161
Stockholm Sweden,259
Palestine,148
Bratislava Slovakia,200
Madison Wisconsin USA,191
Croatia,243
Stage 22 20th Century Fox Studios - 10201 Pico Blvd. Century City Los Angeles California USA,321
Estonia,111
Woodland Hills Los Angeles California USA,162
Iran,191
Goa India,197
Ethiopia,172
Kathmandu Nepal,136
Nepal,230
Associated British Elstree Studios Shenley Road Borehamwood Hertfordshire England UK,353
Armenia,138
Yugoslavia,106
Newark New Jersey USA,219
Stage 5 20th Century Fox Studios - 10201 Pico Blvd. Century City Los Angeles California USA,686
Downtown Chicago Illinois USA,101
Dayton Ohio USA,175
Barcelona Barcelona Catalonia Spain,257
Tower Bridge Business Complex Bermondsey London England UK,110
BBC Lime Grove Studios Lime Grove Shepherds Bush Hammersmith London England UK,102
Stage 29 Paramount Studios - 5555 Melrose Avenue Hollywood Los Angeles California USA,255
Kazakhstan,101
Algeria,110
Beaconsfield Studios Beaconsfield Buckinghamshire England UK,112
Shreveport Louisiana USA,296
Altadena California USA,129
Joshua Tree California USA,122
Irvine California USA,155
Winter Park Florida USA,173
Malm Skne ln Sweden,125
Alicante Comunidad Valenciana Spain,145
,107
Lime Grove Studios Lime Grove Shepherd's Bush London England UK,211
Ludwigsburg Baden-Wrttemberg Germany,101
Provo Utah USA,182
Stage 17 CBS Studio Center - 4024 Radford Avenue Studio City Los Angeles California USA,193
Studio Babelsberg Potsdam Brandenburg Germany,120
Republic Studios Hollywood Los Angeles California USA,601
Columbia South Carolina USA,109
Grand Rapids Michigan USA,237
Ogden Utah USA,105
West London Film Studios London England UK,180
Stage 3 CBS Studio Center - 4024 Radford Avenue Studio City Los Angeles California USA,112
York North Yorkshire England UK,108
Mumbai India,202
Nova Scotia Canada,127
Baton Rouge Louisiana USA,335
Guadeloupe Dpartements d'Outre-Mer France,111
Surrey British Columbia Canada,113
Tribune Studios - 5800 Sunset Blvd. Hollywood Los Angeles California USA,104
Cinecitt Studios Cinecitt Rome Lazio Italy,793
Stage 11 Warner Brothers Burbank Studios - 4000 Warner Boulevard Burbank California USA,572
Stage 4 Warner Brothers Burbank Studios - 4000 Warner Boulevard Burbank California USA,563
Stage 5 Warner Brothers Burbank Studios - 4000 Warner Boulevard Burbank California USA,518
Faithful Word Baptist Church West Southern Avenue Tempe Arizona USA,256
Orange California USA,346
Sunset Gower Studios - 1438 N. Gower Street Hollywood Los Angeles California USA,785
Matar Barcelona Catalonia Spain,175
Fullerton California USA,105
Peter Strauss Ranch - 3000 Mulholland Highway Agoura Hills California USA,229
Samuel Goldwyn Studios - 7200 Santa Monica Boulevard West Hollywood California USA,857
Santa Paula California USA,183
Fresno California USA,142
Bronson Caves Bronson Canyon Griffith Park - 4730 Crystal Springs Drive Los Angeles California USA,176
Georgia,147
University of British Columbia Robson Square Campus - 800 Robson Street Vancouver British Columbia Canada,161
KTLA Studios - 5858 Sunset Blvd. Hollywood Los Angeles California USA,208
Syracuse New York USA,141
Boulder Colorado USA,260
LA Castle Studios Burbank California USA,208
Eugene Oregon USA,120
15001 Calvert Street Van Nuys Los Angeles California USA,327
Encino Los Angeles California USA,109
Stage 28 Universal Studios - 100 Universal City Plaza Universal City California USA,133
Dreamworld - Dreamworld Parkway Coomera Gold Coast Queensland Australia,147
Elstree Studios Borehamwood Hertfordshire England UK,415
Monterey California USA,118
Santa Clarita Studios - 25135 Anza Drive Santa Clarita California USA,319
Pune Maharashtra India,175
Flagstaff Arizona USA,111
Mesa Arizona USA,131
Baden-Baden Baden-Wrttemberg Germany,162
Tacoma Washington USA,143
Gamlestadens fabriker Gothenburg Vstra Gtalands ln Sweden,448
Plymouth Devon England UK,200
Krakw Malopolskie Poland,247
Herkimer New York USA,110
Bakersfield California USA,151
Bavaria Germany,136
Berliner Union-Film Oberlandstrae 26-35 Tempelhof Berlin Germany,202
Park City Utah USA,126
St. Petersburg Florida USA,151
Studios de Paris La Cit du Cinma Saint-Denis Seine-Saint-Denis France,699
Queens New York USA,123
The Royce Hotel - 379 St. Kilda Road Melbourne Victoria Australia,123
Media City UK Salford Greater Manchester England UK,248
Boise Idaho USA,109
Ibiza Balearic Islands Spain,146
Harlem Manhattan New York City New York USA,139
Greenpoint Brooklyn New York City New York USA,101
Hoboken New Jersey USA,177
Kiev Ukraine,207
Stage 18 Paramount Studios - 5555 Melrose Avenue Hollywood Los Angeles California USA,369
Stage 27 Warner Brothers Burbank Studios - 4000 Warner Boulevard Burbank California USA,549
Stage 27A Warner Brothers Burbank Studios - 4000 Warner Boulevard Burbank California USA,490
Stage 28 Warner Brothers Burbank Studios - 4000 Warner Boulevard Burbank California USA,1028
Stage 28A Warner Brothers Burbank Studios - 4000 Warner Boulevard Burbank California USA,762
Big Sky Ranch - 4927 Bennett Road Simi Valley California USA,266
Lake Tahoe California USA,110
Stage 6 20th Century Fox Studios - 10201 Pico Blvd. Century City Los Angeles California USA,438
Piccadilly Circus Piccadilly London England UK,104
Trafalgar Square St James's London England UK,115
Kanab Utah USA,140
Iowa USA,119
Barrandov Studios Prague Czech Republic,214
Red Studios 846 N. Cahuenga Blvd. Hollywood Los Angeles California USA,108
Stage 18 20th Century Fox Studios - 10201 Pico Blvd. Century City Los Angeles California USA,532
Agoura Hills California USA,116
Stage 20 Warner Brothers Burbank Studios - 4000 Warner Boulevard Burbank California USA,752
Panama,112
Stage 22 Warner Brothers Burbank Studios - 4000 Warner Boulevard Burbank California USA,853
Granada Studios Manchester Greater Manchester England UK,129
University of Southern California Los Angeles California USA,169
Stage 25 Warner Brothers Burbank Studios - 4000 Warner Boulevard Burbank California USA,949
1800 Stewart St. Santa Monica California USA,165
Hawthorne California USA,134
Inglewood California USA,107
Temecula California USA,102
Elios Studios Rome Lazio Italy,116
Playboy Mansion - 10236 Charing Cross Road Holmby Hills Los Angeles California USA,116
Stage 16 20th Century Fox Studios - 10201 Pico Blvd. Century City Los Angeles California USA,250
Oshawa Ontario Canada,114
New Westminster British Columbia Canada,115
CBS Studio 50 New York City New York USA,1079
Buffalo New York USA,398
Albany New York USA,163
Veterans Hospital - 16111 Plummer Street North Hills Los Angeles California USA,246
Valencia California USA,167
Raleigh Studios - 5300 Melrose Avenue Hollywood Los Angeles California USA,316
Kernville California USA,163
Anaheim California USA,193
Calabasas California USA,264
Sierra Railroad Jamestown California USA,139
Lake Arrowhead San Bernardino National Forest California USA,153
Ardmore Studios Herbert Road Bray County Wicklow Ireland,150
Tallahassee Florida USA,223
Las Cruces New Mexico USA,110
Stage 30 Universal Studios - 100 Universal City Plaza Universal City California USA,485
Ste Hrault France,132
Yuma Arizona USA,139
Biograph Studios Bronx New York City New York USA,346
Northridge Los Angeles California USA,105
Ann Arbor Michigan USA,163
North Bay Ontario Canada,101
Stage 35 Universal Studios - 100 Universal City Plaza Universal City California USA,310
Stage 37 Universal Studios - 100 Universal City Plaza Universal City California USA,1451
Stage 15 Warner Brothers Burbank Studios - 4000 Warner Boulevard Burbank California USA,115
Sonora California USA,107
Toledo Castilla-La Mancha Spain,133
Alabama USA,159
Toronto Canada,105
Studio 2 Stage 1 NBC Studios - 3000 W. Alameda Avenue Burbank California USA,241
Studios 60 Los Angeles California USA,125
Kerala India,112
Studio 6B NBC Studios - 30 Rockefeller Plaza Manhattan New York City New York USA,494
Stage 42 Universal Studios - 100 Universal City Plaza Universal City California USA,666
Stage 8 20th Century Fox Studios - 10201 Pico Blvd. Century City Los Angeles California USA,529
Ray-Art Studios - 6625 Variel Avenue Canoga Park Los Angeles California USA,183
Stage 14 Paramount Studios - 5555 Melrose Avenue Hollywood Los Angeles California USA,183
Stage 25 Paramount Studios - 5555 Melrose Avenue Hollywood Los Angeles California USA,535
Stage 1 Universal Studios - 100 Universal City Plaza Universal City California USA,405
Madrid Madrid Spain,435
Sevilla Andaluca Spain,261
Stage 19 20th Century Fox Studios - 10201 Pico Blvd. Century City Los Angeles California USA,244
Dresden Saxony Germany,207
Stage 20 20th Century Fox Studios - 10201 Pico Blvd. Century City Los Angeles California USA,363
Springfield Missouri USA,157
Zurich Switzerland,112
Studio 43 CBS Television City - 7800 Beverly Blvd. Fairfax Los Angeles California USA,285
Mobile Alabama USA,133
Granada Andaluca Spain,130
Almera Andaluca Spain,175
Segovia Castilla y Len Spain,111
Thessaloniki Greece,112
Geneva Canton de Genve Switzerland,192
Utrecht Utrecht Netherlands,119
Stage 43 Universal Studios - 100 Universal City Plaza Universal City California USA,605
West Virginia USA,102
Studio 6A NBC Studios - 30 Rockefeller Plaza Manhattan New York City New York USA,260
Flint Michigan USA,140
Nettlefold Studios Walton-on-Thames Surrey England UK,281
Colorado Public Television Five Points Media Center,265
Greensboro North Carolina USA,178
Hollywood Palace Theater - 1735 N. Vine Street Hollywood Los Angeles California USA,245
Studio TC4 BBC Television Centre Wood Lane Shepherd's Bush London England UK,129
Stage 34 Universal Studios - 100 Universal City Plaza Universal City California USA,336
Stage 41 Universal Studios - 100 Universal City Plaza Universal City California USA,641
Stage 19 Warner Brothers Burbank Studios - 4000 Warner Boulevard Burbank California USA,605
Spokane Washington USA,182
Rouleau Saskatchewan Canada,109
Incir De Paolis Studios Rome Lazio Italy,154
Africa U.S.A. - 8237 Soledad Canyon Road Acton California USA,118
Mlaga Andaluca Spain,133
Ealing Studios Ealing London England UK,282
CTN Studio Pensacola Florida USA,104
Stage 27 Universal Studios - 100 Universal City Plaza Universal City California USA,148
Stage 33 Universal Studios - 100 Universal City Plaza Universal City California USA,223
Stage 44 Universal Studios - 100 Universal City Plaza Universal City California USA,610
Crucible Theatre Sheffield South Yorkshire England UK,258
Estudios Churubusco Azteca Mexico City Distrito Federal Mexico,114
Arlington Texas USA,162
Durham North Carolina USA,105
Greenwich Studios - 12100 Ivan Tors Boulevard Miami Florida USA,128
Southfork Ranch Plano Texas USA,108
Stage 23 Metro-Goldwyn-Mayer Studios - 10202 W. Washington Blvd. Culver City California USA,351
Stage 5 Metro-Goldwyn-Mayer Studios - 10202 W. Washington Blvd. Culver City California USA,352
MGM British Studios Borehamwood Hertfordshire England UK,282
Braslia Distrito Federal Brazil,104
Dijon Street Warner Brothers Burbank Studios - 4000 Warner Boulevard Burbank California USA,476
The Bridge Studios Burnaby British Columbia Canada,113
Denton Texas USA,143
Paintworks Bristol England UK,244
American National Studios Hollywood Los Angeles California USA,148
Radio Telefis Eireann Donnybrook Dublin County Dublin Ireland,506
Bob Barker Studio CBS Television City - 7800 Beverly Blvd. Fairfax Los Angeles California USA,126
Studio 33 CBS Television City - 7800 Beverly Blvd. Fairfax Los Angeles California USA,941
Tenerife Canary Islands Spain,128
West Berlin Berlin Germany,210
County Wicklow Ireland,108
Stage 26 Warner Brothers Burbank Studios - 4000 Warner Boulevard Burbank California USA,928
Stage 3 Universal Studios - 100 Universal City Plaza Universal City California USA,139
Stage 5 Universal Studios - 100 Universal City Plaza Universal City California USA,178
Stage 21 20th Century Fox Studios - 10201 Pico Blvd. Century City Los Angeles California USA,273
Moab Utah USA,106
Senegal,104
Arenys de Mar Barcelona Catalonia Spain,147
General Service Studios - 1040 N. Las Palmas Hollywood Los Angeles California USA,2509
Milano Italy,133
Milan Italy,101
Stage 3 The Lot - 1041 N. Formosa Avenue West Hollywood California USA,184
Stage 4 The Lot - 1041 N. Formosa Avenue West Hollywood California USA,182
Stage 5 The Lot - 1041 N. Formosa Avenue West Hollywood California USA,183
Stage 17 20th Century Fox Studios - 10201 Pico Blvd. Century City Los Angeles California USA,225
Stage 2 20th Century Fox Studios - 10201 Pico Blvd. Century City Los Angeles California USA,125
Stage 4 Paramount Studios - 5555 Melrose Avenue Hollywood Los Angeles California USA,111
Stage 2 Warner Brothers Burbank Studios - 4000 Warner Boulevard Burbank California USA,949
Stage 1 Warner Brothers Burbank Studios - 4000 Warner Boulevard Burbank California USA,480
Midwest Street Warner Brothers Burbank Studios - 4000 Warner Boulevard Burbank California USA,625
Chandivali Studio Mumbai Maharashtra India,150
Estudios Telson Madrid Spain,169
Cuernavaca Morelos Mexico,134
Con Malaga Spain,156
Szigetvr Hungary,185
Stage 10 CBS Studio Center - 4024 Radford Avenue Studio City Los Angeles California USA,159
Stage 15 20th Century Fox Studios - 10201 Pico Blvd. Century City Los Angeles California USA,175
Stage 24 Warner Brothers Burbank Studios - 4000 Warner Boulevard Burbank California USA,758
Eden Prairie Minnesota USA,184
Stage 19 Universal Studios - 100 Universal City Plaza Universal City California USA,339
Stage 6 Universal Studios - 100 Universal City Plaza Universal City California USA,275
Stage 12 Warner Brothers Burbank Studios - 4000 Warner Boulevard Burbank California USA,352
Stage 14 CBS Studio Center - 4024 Radford Avenue Studio City Los Angeles California USA,115
Daytona International Speedway - 1801 W. International Speedway Boulevard Daytona Beach Florida USA,142
Stage 5 & Stage 6 Paramount Sunset Lot 5800 Sunset Blvd Los Angeles California USA,150
Castel Film Studios Bucharest Romania,114
Stage 6 Warner Brothers Burbank Studios - 4000 Warner Boulevard Burbank California USA,327
Ilikai Hotel 1777 Ala Moana Blvd Waikiki Honolulu O'ahu Hawaii USA,288
Filmways Studios - 246 East 127th Street East Harlem Manhattan New York City New York USA,281
Bloomington Indiana USA,118
Stage 4 Stage 1 NBC Studios - 3000 W. Alameda Avenue Burbank California USA,119
Lelystad Flevoland Netherlands,106
Stage 21 Metro-Goldwyn-Mayer Studios - 10202 W. Washington Blvd. Culver City California USA,111
Stage 22 Metro-Goldwyn-Mayer Studios - 10202 W. Washington Blvd. Culver City California USA,112
Cinema General Studios - 846 N. Cahuenga Hollywood Los Angeles California USA,136
Stamford Connecticut USA,113
Stage 10 20th Century Fox Studios - 10201 Pico Blvd. Century City Los Angeles California USA,647
Stage 11 20th Century Fox Studios - 10201 Pico Blvd. Century City Los Angeles California USA,492
Ed Sullivan Theater - 1697 Broadway Manhattan New York City New York USA,253
Film City Goregaon Mumbai Maharashtra India,375
Covington Georgia USA,213
Mansfield Theater New York City New York USA,298
CBS Studio 59 New York City New York USA,177
CCC-Atelier Spandau Berlin Germany,128
Norman Oklahoma USA,140
Vila Nogueira de Azeito Portugal,196
Stage 4 20th Century Fox Studios - 10201 Pico Blvd. Century City Los Angeles California USA,388
Quinta das Torres Vila Nogueira de Azeito Portugal,195
Portinho da Arrbida Portugal,194
Bangalore Karnataka India,176
Filmistan Studios Mumbai Maharashtra India,363
Adyliget Budapest Hungary,152
Stage 4 Metro-Goldwyn-Mayer Studios - 10202 W. Washington Blvd. Culver City California USA,347
Walton Studios Walton-on-Thames Surrey England UK,192
Merton Park Studios Merton London England UK,133
Stage 16 Warner Brothers Burbank Studios - 4000 Warner Boulevard Burbank California USA,117
Veracruz Mexico,101
Stage 17 Universal Studios - 100 Universal City Plaza Universal City California USA,160
Studios des Buttes Chaumont 42-46 rue des Alouettes Paris le-de-France France,112
Stage 29 Warner Brothers Burbank Studios - 4000 Warner Boulevard Burbank California USA,182
Cuautla Morelos Mexico,118
Desilu Studios - 846 N. Cahuenga Blvd. Cahuenga Los Angeles California USA,246
Bedford Park Studios New York City New York USA,122
Stage 9 Columbia/Sunset Gower Studios - 1438 N. Gower Street Hollywood Los Angeles California USA,148
2104 Kenwood Parkway Minneapolis Minnesota USA,121
City University Bastwick Street London England UK,127
Stage 30 Paramount Pictures - 5555 Melrose Ave. Los Angeles California USA,495
WQED - 4802 Fifth Avenue Pittsburgh Pennsylvania USA,231
Troy New York USA,296
Stage 9 Paramount Studios - 5555 Melrose Avenue Hollywood Los Angeles California USA,193
Rua Campolide Lisbon Portugal,400
Rua Francisco Franco Lisbon Portugal,200
Villa So Paulo Lisbon Portugal,199
John H. McDonald House New Westminster Canada,112
Nikka Fishing & Marine Richmond Canada,112
Steveston Cannery Cafe Richmond Canada,112
Boulogne Buenos Aires Federal District Argentina,134
BBC Media Village Wood Lane White City London England UK,228
Stage 8 Warner Brothers Burbank Studios - 4000 Warner Boulevard Burbank California USA,697
EUE/Screen Gems Studios - 222 E. 44th Street Manhattan New York City New York USA,166
Stage 4 Stage 1 Stage 1 NBC Studios - 3000 W. Alameda Avenue Burbank California USA,277
Largo Manuel da Costa Queluz Portugal,127
Bogot Columbia,173
KECA-TV Los Angeles California USA,175
Studio 58 CBS Television City - 7800 Beverly Blvd. Fairfax Los Angeles California USA,111
Studio 3 Stage 1 NBC Studios - 3000 W. Alameda Avenue Burbank California USA,569
Studio 9 GTV-9 Studios 22 Bendigo Street Richmond Melbourne Victoria Australia,149
1695 Broadway New York City New York USA,148
Stage 5 Ren-Mar Studios - 846 N. Cahuenga Blvd. Hollywood Los Angeles California USA,126
Golden West Studios - 5800 Sunset Blvd. Los Angeles California USA,104
Studio 3 Stage 1 Stage 1 NBC Studios - 3000 W. Alameda Avenue Burbank California USA,133
Studio 6 KTTV/Fox Television Center - 5746 W. Sunset Blvd. Hollywood Los Angeles California USA,160
Film City Goregaon East Mumbai Maharashtra India,135
Docklands Studios Melbourne 476 Docklands Drive Waterfront City Docklands Melbourne Victoria Australia,168
BBC Media Village Wood Lane White City London UK,138
Stage 23 Warner Brothers Burbank Studios - 4000 Warner Boulevard Burbank California USA,137
Stage 2 North Shore Studios North Vancouver British Columbia Canada,117
NBC Studios - 10 Rockefeller Plaza Manhattan New York City New York USA,118
The Raynham Channel - 420 Titicut Road Raynham Massachusetts USA,147
Marshfield Community Television - 167 Forest Street Marshfield Massachusetts USA,185
Viansa Sonoma Winery 25200 Arnold Dr Sonoma California USA,142
Kamalistan Studios Andheri Mumbai Maharashtra India,129
Titanus Studios Rome Lazio Italy,110
Essel Studios Mumbai Maharashtra India,122
Filmalaya Studio Mumbai Maharashtra India,137
Bangladesh Film Development Corporation Dhaka Bangladesh,307
Mehboob Studios Mumbai Maharashtra India,193
R.K. Studios Chembur Mumbai Maharashtra India,151
Yarraville Victoria Australia,138
Biograph Studio Manhattan New York City New York USA,257
Niles California USA,319
Natraj Studios Mumbai Maharashtra India,150
Studios de Boulogne-Billancourt/SFP - 2 Rue de Silly Boulogne-Billancourt Hauts-de-Seine France,114
